{
  "generated_at": "2026-03-06T08:26:15Z",
  "device": "cuda:0",
  "gpu_name": "NVIDIA GeForce RTX 3090 Ti",
  "gpu_memory_gb": 25.8,
  "n_gpus_available": 2,
  "benchmarks": [
    {
      "name": "onset_map_dual_gpu",
      "grid_size": 1000,
      "total_points": 1000000,
      "memory_on_count": 639982,
      "memory_off_count": 360018,
      "elapsed_seconds": 5.08,
      "device": "cuda:0+cuda:1",
      "pass": true
    },
    {
      "name": "large_network_matched_present",
      "n_nodes": 500,
      "n_paths": 498,
      "n_edges": 996,
      "full_theta_R_gap": 6.283185307179586,
      "principal_theta_R_gap": 5.827450973102262e-17,
      "full_G_gap": 0.590686193142981,
      "principal_G_gap": 0.00024534112014392237,
      "full_suppression_gap": 0.03319164428085061,
      "max_abs_G": 1.0001304080826539,
      "elapsed_seconds": 3.92,
      "device": "cuda:0",
      "pass": true
    },
    {
      "name": "ablation_sweep",
      "modes": {
        "principal": {
          "theta_R_gap": 7.112797283493745e-14,
          "G_gap": 0.2090444232164784,
          "suppression_gap": 5.889181473858962e-29,
          "S_a": 0.8942809614435263,
          "S_b": 0.9604667577520751,
          "pi_a_a": 1.5707963267948966,
          "pi_a_b": 1.5707963267948966
        },
        "lift_only": {
          "theta_R_gap": 6.283185307179657,
          "G_gap": 0.2124676443559621,
          "suppression_gap": 0.0946965690360104,
          "S_a": 0.8942809614435263,
          "S_b": 0.9994378616201267,
          "pi_a_a": 1.5707963267948966,
          "pi_a_b": 1.5707963267948966
        },
        "lift_ruler": {
          "theta_R_gap": 6.283185307179657,
          "G_gap": 0.2124676443559621,
          "suppression_gap": 0.10805503055594722,
          "S_a": 0.8942809614435263,
          "S_b": 0.9994378616201267,
          "pi_a_a": 1.724981071129429,
          "pi_a_b": 1.7348418415928146
        },
        "full": {
          "theta_R_gap": 6.283185307179659,
          "G_gap": 0.25856546303700756,
          "suppression_gap": 0.10359844166238195,
          "S_a": 0.8942809614435263,
          "S_b": 1.0094738699794608,
          "pi_a_a": 1.724981071129429,
          "pi_a_b": 1.7353886320919627
        }
      },
      "elapsed_seconds": 2.4,
      "device": "cuda:0",
      "pass": true
    }
  ],
  "all_passed": true
}